-- Seed SQL pour le projet Premier League 2024/2025
-- Remplissage principal des tables avec :
-- 1) les équipes, stades et statuts de saison
-- 2) un sous-ensemble concret de joueurs et de statistiques individuelles
-- 3) les 380 matchs de Premier League 2024/2025 issus du fichier E0.csv fourni dans la conversation

PRAGMA foreign_keys = ON;
BEGIN TRANSACTION;

-- Nettoyage pour permettre une ré-exécution du seed
DELETE FROM team_season_status;
DELETE FROM player_season_stats;
DELETE FROM matches;
DELETE FROM players;
DELETE FROM venues;
DELETE FROM teams;
DELETE FROM seasons;

-- Saison
INSERT INTO seasons (season_id, season_label, start_date, end_date)
VALUES
(1, '2024/2025', '2024-08-16', '2025-05-25');

-- Équipes
INSERT INTO teams (team_id, team_name, city, country)
VALUES
(1, 'Arsenal', 'London', 'England'),
(2, 'Aston Villa', 'Birmingham', 'England'),
(3, 'Bournemouth', 'Bournemouth', 'England'),
(4, 'Brentford', 'London', 'England'),
(5, 'Brighton & Hove Albion', 'Brighton', 'England'),
(6, 'Chelsea', 'London', 'England'),
(7, 'Crystal Palace', 'London', 'England'),
(8, 'Everton', 'Liverpool', 'England'),
(9, 'Fulham', 'London', 'England'),
(10, 'Ipswich Town', 'Ipswich', 'England'),
(11, 'Leicester City', 'Leicester', 'England'),
(12, 'Liverpool', 'Liverpool', 'England'),
(13, 'Manchester City', 'Manchester', 'England'),
(14, 'Manchester United', 'Manchester', 'England'),
(15, 'Newcastle United', 'Newcastle upon Tyne', 'England'),
(16, 'Nottingham Forest', 'Nottingham', 'England'),
(17, 'Southampton', 'Southampton', 'England'),
(18, 'Tottenham Hotspur', 'London', 'England'),
(19, 'West Ham United', 'London', 'England'),
(20, 'Wolverhampton Wanderers', 'Wolverhampton', 'England');

-- Stades
INSERT INTO venues (venue_id, venue_name, city, capacity)
VALUES
(1, 'Emirates Stadium', 'London', 60704),
(2, 'Villa Park', 'Birmingham', 42785),
(3, 'Vitality Stadium', 'Bournemouth', 11307),
(4, 'Gtech Community Stadium', 'London', 17250),
(5, 'American Express Stadium', 'Brighton', 31876),
(6, 'Stamford Bridge', 'London', 40341),
(7, 'Selhurst Park', 'London', 25486),
(8, 'Goodison Park', 'Liverpool', 39572),
(9, 'Craven Cottage', 'London', 29589),
(10, 'Portman Road', 'Ipswich', 30056),
(11, 'King Power Stadium', 'Leicester', 32312),
(12, 'Anfield', 'Liverpool', 61276),
(13, 'Etihad Stadium', 'Manchester', 53400),
(14, 'Old Trafford', 'Manchester', 74310),
(15, 'St James'' Park', 'Newcastle upon Tyne', 52305),
(16, 'City Ground', 'Nottingham', 30445),
(17, 'St Mary''s Stadium', 'Southampton', 32384),
(18, 'Tottenham Hotspur Stadium', 'London', 62850),
(19, 'London Stadium', 'London', 62500),
(20, 'Molineux Stadium', 'Wolverhampton', 31750);

-- Joueurs (jeu de données concret et orienté top scorers / top assisters)
INSERT INTO players (player_id, player_name, team_id, position, nationality)
VALUES
(1, 'Mohamed Salah', 12, 'Forward', 'Egypt'),
(2, 'Alexander Isak', 15, 'Forward', 'Sweden'),
(3, 'Bryan Mbeumo', 4, 'Forward', 'Cameroon'),
(4, 'Erling Haaland', 13, 'Forward', 'Norway'),
(5, 'Ollie Watkins', 2, 'Forward', 'England'),
(6, 'Chris Wood', 16, 'Forward', 'New Zealand'),
(7, 'Cole Palmer', 6, 'Midfielder', 'England'),
(8, 'Yoane Wissa', 4, 'Forward', 'DR Congo'),
(9, 'Jarrod Bowen', 19, 'Forward', 'England'),
(10, 'Matheus Cunha', 20, 'Forward', 'Brazil'),
(11, 'Jacob Murphy', 15, 'Forward', 'England'),
(12, 'Bruno Fernandes', 14, 'Midfielder', 'Portugal'),
(13, 'Morgan Rogers', 2, 'Forward', 'England'),
(14, 'Justin Kluivert', 3, 'Forward', 'Netherlands'),
(15, 'Luis Díaz', 12, 'Forward', 'Colombia'),
(16, 'Jørgen Strand Larsen', 20, 'Forward', 'Norway'),
(17, 'Anthony Elanga', 16, 'Forward', 'Sweden'),
(18, 'Bukayo Saka', 1, 'Forward', 'England'),
(19, 'Eberechi Eze', 7, 'Midfielder', 'England'),
(20, 'James Maddison', 18, 'Midfielder', 'England'),
(21, 'Jean-Philippe Mateta', 7, 'Forward', 'France'),
(22, 'João Pedro', 5, 'Forward', 'Brazil'),
(23, 'Son Heung-min', 18, 'Forward', 'South Korea'),
(24, 'Antoine Semenyo', 3, 'Forward', 'Ghana'),
(25, 'Alex Iwobi', 9, 'Midfielder', 'Nigeria'),
(26, 'Mikkel Damsgaard', 4, 'Midfielder', 'Denmark'),
(27, 'Antonee Robinson', 9, 'Defender', 'United States'),
(28, 'Adama Traoré', 9, 'Forward', 'Spain'),
(29, 'Morgan Gibbs-White', 16, 'Midfielder', 'England'),
(30, 'Martin Ødegaard', 1, 'Midfielder', 'Norway'),
(31, 'Sávio', 13, 'Forward', 'Brazil'),
(32, 'Leandro Trossard', 1, 'Forward', 'Belgium'),
(33, 'Rayan Aït-Nouri', 20, 'Defender', 'Algeria'),
(34, 'Raúl Jiménez', 9, 'Forward', 'Mexico'),
(35, 'Liam Delap', 10, 'Forward', 'England'),
(36, 'Kevin Schade', 4, 'Forward', 'Germany'),
(37, 'Brennan Johnson', 18, 'Forward', 'Wales'),
(38, 'Kaoru Mitoma', 5, 'Forward', 'Japan');

-- Statistiques individuelles de saison
INSERT INTO player_season_stats (player_id, season_id, goals, assists, appearances)
VALUES
(1, 1, 29, 18, 38),
(2, 1, 23, 6, 34),
(3, 1, 20, 7, 38),
(4, 1, 22, 3, 31),
(5, 1, 16, 8, 38),
(6, 1, 20, 3, 36),
(7, 1, 15, 8, 37),
(8, 1, 19, 4, 35),
(9, 1, 13, 8, 34),
(10, 1, 15, 6, 33),
(11, 1, 8, 12, 35),
(12, 1, 8, 10, 36),
(13, 1, 8, 10, 37),
(14, 1, 12, 6, 34),
(15, 1, 13, 5, 36),
(16, 1, 14, 4, 35),
(17, 1, 6, 11, 38),
(18, 1, 6, 10, 25),
(19, 1, 8, 8, 34),
(20, 1, 9, 7, 31),
(21, 1, 14, 2, 37),
(22, 1, 10, 6, 27),
(23, 1, 7, 9, 30),
(24, 1, 11, 5, 37),
(25, 1, 9, 6, 38),
(26, 1, 2, 10, 38),
(27, 1, 0, 10, 36),
(28, 1, 2, 7, 36),
(29, 1, 7, 8, 34),
(30, 1, 3, 8, 30),
(31, 1, 1, 8, 29),
(32, 1, 8, 7, 38),
(33, 1, 4, 7, 37),
(34, 1, 12, 0, 38),
(35, 1, 12, 0, 37),
(36, 1, 11, 0, 38),
(37, 1, 11, 0, 33),
(38, 1, 10, 0, 36);

-- Matchs de Premier League 2024/2025
INSERT INTO matches (match_id, season_id, match_date, venue_id, home_team_id, away_team_id, home_goals, away_goals, match_status)
VALUES
(1, 1, '2024-08-16', 14, 14, 9, 1, 0, 'finished'),
(2, 1, '2024-08-17', 10, 10, 12, 0, 2, 'finished'),
(3, 1, '2024-08-17', 1, 1, 20, 2, 0, 'finished'),
(4, 1, '2024-08-17', 8, 8, 5, 0, 3, 'finished'),
(5, 1, '2024-08-17', 15, 15, 17, 1, 0, 'finished'),
(6, 1, '2024-08-17', 16, 16, 3, 1, 1, 'finished'),
(7, 1, '2024-08-17', 19, 19, 2, 1, 2, 'finished'),
(8, 1, '2024-08-18', 4, 4, 7, 2, 1, 'finished'),
(9, 1, '2024-08-18', 6, 6, 13, 0, 2, 'finished'),
(10, 1, '2024-08-19', 11, 11, 18, 1, 1, 'finished'),
(11, 1, '2024-08-24', 5, 5, 14, 2, 1, 'finished'),
(12, 1, '2024-08-24', 7, 7, 19, 0, 2, 'finished'),
(13, 1, '2024-08-24', 9, 9, 11, 2, 1, 'finished'),
(14, 1, '2024-08-24', 13, 13, 10, 4, 1, 'finished'),
(15, 1, '2024-08-24', 17, 17, 16, 0, 1, 'finished'),
(16, 1, '2024-08-24', 18, 18, 8, 4, 0, 'finished'),
(17, 1, '2024-08-24', 2, 2, 1, 0, 2, 'finished'),
(18, 1, '2024-08-25', 3, 3, 15, 1, 1, 'finished'),
(19, 1, '2024-08-25', 20, 20, 6, 2, 6, 'finished'),
(20, 1, '2024-08-25', 12, 12, 4, 2, 0, 'finished'),
(21, 1, '2024-08-31', 1, 1, 5, 1, 1, 'finished'),
(22, 1, '2024-08-31', 4, 4, 17, 3, 1, 'finished'),
(23, 1, '2024-08-31', 8, 8, 3, 2, 3, 'finished'),
(24, 1, '2024-08-31', 10, 10, 9, 1, 1, 'finished'),
(25, 1, '2024-08-31', 11, 11, 2, 1, 2, 'finished'),
(26, 1, '2024-08-31', 16, 16, 20, 1, 1, 'finished'),
(27, 1, '2024-08-31', 19, 19, 13, 1, 3, 'finished'),
(28, 1, '2024-09-01', 6, 6, 7, 1, 1, 'finished'),
(29, 1, '2024-09-01', 15, 15, 18, 2, 1, 'finished'),
(30, 1, '2024-09-01', 14, 14, 12, 0, 3, 'finished'),
(31, 1, '2024-09-14', 17, 17, 14, 0, 3, 'finished'),
(32, 1, '2024-09-14', 5, 5, 10, 0, 0, 'finished'),
(33, 1, '2024-09-14', 7, 7, 11, 2, 2, 'finished'),
(34, 1, '2024-09-14', 9, 9, 19, 1, 1, 'finished'),
(35, 1, '2024-09-14', 12, 12, 16, 0, 1, 'finished'),
(36, 1, '2024-09-14', 13, 13, 4, 2, 1, 'finished'),
(37, 1, '2024-09-14', 2, 2, 8, 3, 2, 'finished'),
(38, 1, '2024-09-14', 3, 3, 6, 0, 1, 'finished'),
(39, 1, '2024-09-15', 18, 18, 1, 0, 1, 'finished'),
(40, 1, '2024-09-15', 20, 20, 15, 1, 2, 'finished'),
(41, 1, '2024-09-21', 19, 19, 6, 0, 3, 'finished'),
(42, 1, '2024-09-21', 2, 2, 20, 3, 1, 'finished'),
(43, 1, '2024-09-21', 9, 9, 15, 3, 1, 'finished'),
(44, 1, '2024-09-21', 11, 11, 8, 1, 1, 'finished'),
(45, 1, '2024-09-21', 12, 12, 3, 3, 0, 'finished'),
(46, 1, '2024-09-21', 17, 17, 10, 1, 1, 'finished'),
(47, 1, '2024-09-21', 18, 18, 4, 3, 1, 'finished'),
(48, 1, '2024-09-21', 7, 7, 14, 0, 0, 'finished'),
(49, 1, '2024-09-22', 5, 5, 16, 2, 2, 'finished'),
(50, 1, '2024-09-22', 13, 13, 1, 2, 2, 'finished'),
(51, 1, '2024-09-28', 15, 15, 13, 1, 1, 'finished'),
(52, 1, '2024-09-28', 1, 1, 11, 4, 2, 'finished'),
(53, 1, '2024-09-28', 4, 4, 19, 1, 1, 'finished'),
(54, 1, '2024-09-28', 6, 6, 5, 4, 2, 'finished'),
(55, 1, '2024-09-28', 8, 8, 7, 2, 1, 'finished'),
(56, 1, '2024-09-28', 16, 16, 9, 0, 1, 'finished'),
(57, 1, '2024-09-28', 20, 20, 12, 1, 2, 'finished'),
(58, 1, '2024-09-29', 10, 10, 2, 2, 2, 'finished'),
(59, 1, '2024-09-29', 14, 14, 18, 0, 3, 'finished'),
(60, 1, '2024-09-30', 3, 3, 17, 3, 1, 'finished'),
(61, 1, '2024-10-05', 7, 7, 12, 0, 1, 'finished'),
(62, 1, '2024-10-05', 1, 1, 17, 3, 1, 'finished'),
(63, 1, '2024-10-05', 4, 4, 20, 5, 3, 'finished'),
(64, 1, '2024-10-05', 11, 11, 3, 1, 0, 'finished'),
(65, 1, '2024-10-05', 13, 13, 9, 3, 2, 'finished'),
(66, 1, '2024-10-05', 19, 19, 10, 4, 1, 'finished'),
(67, 1, '2024-10-05', 8, 8, 15, 0, 0, 'finished'),
(68, 1, '2024-10-06', 2, 2, 14, 0, 0, 'finished'),
(69, 1, '2024-10-06', 6, 6, 16, 1, 1, 'finished'),
(70, 1, '2024-10-06', 5, 5, 18, 3, 2, 'finished'),
(71, 1, '2024-10-19', 18, 18, 19, 4, 1, 'finished'),
(72, 1, '2024-10-19', 9, 9, 2, 1, 3, 'finished'),
(73, 1, '2024-10-19', 10, 10, 8, 0, 2, 'finished'),
(74, 1, '2024-10-19', 14, 14, 4, 2, 1, 'finished'),
(75, 1, '2024-10-19', 15, 15, 5, 0, 1, 'finished'),
(76, 1, '2024-10-19', 17, 17, 11, 2, 3, 'finished'),
(77, 1, '2024-10-19', 3, 3, 1, 2, 0, 'finished'),
(78, 1, '2024-10-20', 20, 20, 13, 1, 2, 'finished'),
(79, 1, '2024-10-20', 12, 12, 6, 2, 1, 'finished'),
(80, 1, '2024-10-21', 16, 16, 7, 1, 0, 'finished'),
(81, 1, '2024-10-25', 11, 11, 16, 1, 3, 'finished'),
(82, 1, '2024-10-26', 2, 2, 3, 1, 1, 'finished'),
(83, 1, '2024-10-26', 4, 4, 10, 4, 3, 'finished'),
(84, 1, '2024-10-26', 5, 5, 20, 2, 2, 'finished'),
(85, 1, '2024-10-26', 13, 13, 17, 1, 0, 'finished'),
(86, 1, '2024-10-26', 8, 8, 9, 1, 1, 'finished'),
(87, 1, '2024-10-27', 6, 6, 15, 2, 1, 'finished'),
(88, 1, '2024-10-27', 7, 7, 18, 1, 0, 'finished'),
(89, 1, '2024-10-27', 19, 19, 14, 2, 1, 'finished'),
(90, 1, '2024-10-27', 1, 1, 12, 2, 2, 'finished'),
(91, 1, '2024-11-02', 15, 15, 1, 1, 0, 'finished'),
(92, 1, '2024-11-02', 3, 3, 13, 2, 1, 'finished'),
(93, 1, '2024-11-02', 10, 10, 11, 1, 1, 'finished'),
(94, 1, '2024-11-02', 12, 12, 5, 2, 1, 'finished'),
(95, 1, '2024-11-02', 16, 16, 19, 3, 0, 'finished'),
(96, 1, '2024-11-02', 17, 17, 8, 1, 0, 'finished'),
(97, 1, '2024-11-02', 20, 20, 7, 2, 2, 'finished'),
(98, 1, '2024-11-03', 18, 18, 2, 4, 1, 'finished'),
(99, 1, '2024-11-03', 14, 14, 6, 1, 1, 'finished'),
(100, 1, '2024-11-04', 9, 9, 4, 2, 1, 'finished'),
(101, 1, '2024-11-09', 4, 4, 3, 3, 2, 'finished'),
(102, 1, '2024-11-09', 7, 7, 9, 0, 2, 'finished'),
(103, 1, '2024-11-09', 19, 19, 8, 0, 0, 'finished'),
(104, 1, '2024-11-09', 20, 20, 17, 2, 0, 'finished'),
(105, 1, '2024-11-09', 5, 5, 13, 2, 1, 'finished'),
(106, 1, '2024-11-09', 12, 12, 2, 2, 0, 'finished'),
(107, 1, '2024-11-10', 14, 14, 11, 3, 0, 'finished'),
(108, 1, '2024-11-10', 16, 16, 15, 1, 3, 'finished'),
(109, 1, '2024-11-10', 18, 18, 10, 1, 2, 'finished'),
(110, 1, '2024-11-10', 6, 6, 1, 1, 1, 'finished'),
(111, 1, '2024-11-23', 11, 11, 6, 1, 2, 'finished'),
(112, 1, '2024-11-23', 1, 1, 16, 3, 0, 'finished'),
(113, 1, '2024-11-23', 2, 2, 7, 2, 2, 'finished'),
(114, 1, '2024-11-23', 3, 3, 5, 1, 2, 'finished'),
(115, 1, '2024-11-23', 8, 8, 4, 0, 0, 'finished'),
(116, 1, '2024-11-23', 9, 9, 20, 1, 4, 'finished'),
(117, 1, '2024-11-23', 13, 13, 18, 0, 4, 'finished'),
(118, 1, '2024-11-24', 17, 17, 12, 2, 3, 'finished'),
(119, 1, '2024-11-24', 10, 10, 14, 1, 1, 'finished'),
(120, 1, '2024-11-25', 15, 15, 19, 0, 2, 'finished'),
(121, 1, '2024-11-29', 5, 5, 17, 1, 1, 'finished'),
(122, 1, '2024-11-30', 4, 4, 11, 4, 1, 'finished'),
(123, 1, '2024-11-30', 7, 7, 15, 1, 1, 'finished'),
(124, 1, '2024-11-30', 16, 16, 10, 1, 0, 'finished'),
(125, 1, '2024-11-30', 20, 20, 3, 2, 4, 'finished'),
(126, 1, '2024-11-30', 19, 19, 1, 2, 5, 'finished'),
(127, 1, '2024-12-01', 6, 6, 2, 3, 0, 'finished'),
(128, 1, '2024-12-01', 14, 14, 8, 4, 0, 'finished'),
(129, 1, '2024-12-01', 18, 18, 9, 1, 1, 'finished'),
(130, 1, '2024-12-01', 12, 12, 13, 2, 0, 'finished'),
(131, 1, '2024-12-03', 10, 10, 7, 0, 1, 'finished'),
(132, 1, '2024-12-03', 11, 11, 19, 3, 1, 'finished'),
(133, 1, '2024-12-04', 8, 8, 20, 4, 0, 'finished'),
(134, 1, '2024-12-04', 13, 13, 16, 3, 0, 'finished'),
(135, 1, '2024-12-04', 15, 15, 12, 3, 3, 'finished'),
(136, 1, '2024-12-04', 17, 17, 6, 1, 5, 'finished'),
(137, 1, '2024-12-04', 1, 1, 14, 2, 0, 'finished'),
(138, 1, '2024-12-04', 2, 2, 4, 3, 1, 'finished'),
(139, 1, '2024-12-05', 9, 9, 5, 3, 1, 'finished'),
(140, 1, '2024-12-05', 3, 3, 18, 1, 0, 'finished'),
(141, 1, '2024-12-07', 2, 2, 17, 1, 0, 'finished'),
(142, 1, '2024-12-07', 4, 4, 15, 4, 2, 'finished'),
(143, 1, '2024-12-07', 7, 7, 13, 2, 2, 'finished'),
(144, 1, '2024-12-07', 14, 14, 16, 2, 3, 'finished'),
(145, 1, '2024-12-08', 9, 9, 1, 1, 1, 'finished'),
(146, 1, '2024-12-08', 10, 10, 3, 1, 2, 'finished'),
(147, 1, '2024-12-08', 11, 11, 5, 2, 2, 'finished'),
(148, 1, '2024-12-08', 18, 18, 6, 3, 4, 'finished'),
(149, 1, '2024-12-09', 19, 19, 20, 2, 1, 'finished'),
(150, 1, '2024-12-14', 1, 1, 8, 0, 0, 'finished'),
(151, 1, '2024-12-14', 12, 12, 9, 2, 2, 'finished'),
(152, 1, '2024-12-14', 15, 15, 11, 4, 0, 'finished'),
(153, 1, '2024-12-14', 20, 20, 10, 1, 2, 'finished'),
(154, 1, '2024-12-14', 16, 16, 2, 2, 1, 'finished'),
(155, 1, '2024-12-15', 5, 5, 7, 1, 3, 'finished'),
(156, 1, '2024-12-15', 13, 13, 14, 1, 2, 'finished'),
(157, 1, '2024-12-15', 6, 6, 4, 2, 1, 'finished'),
(158, 1, '2024-12-15', 17, 17, 18, 0, 5, 'finished'),
(159, 1, '2024-12-16', 3, 3, 19, 1, 1, 'finished'),
(160, 1, '2024-12-21', 2, 2, 13, 2, 1, 'finished'),
(161, 1, '2024-12-21', 4, 4, 16, 0, 2, 'finished'),
(162, 1, '2024-12-21', 10, 10, 15, 0, 4, 'finished'),
(163, 1, '2024-12-21', 19, 19, 5, 1, 1, 'finished'),
(164, 1, '2024-12-21', 7, 7, 1, 1, 5, 'finished'),
(165, 1, '2024-12-22', 8, 8, 6, 0, 0, 'finished'),
(166, 1, '2024-12-22', 9, 9, 17, 0, 0, 'finished'),
(167, 1, '2024-12-22', 11, 11, 20, 0, 3, 'finished'),
(168, 1, '2024-12-22', 14, 14, 3, 0, 3, 'finished'),
(169, 1, '2024-12-22', 18, 18, 12, 3, 6, 'finished'),
(170, 1, '2024-12-26', 13, 13, 8, 1, 1, 'finished'),
(171, 1, '2024-12-26', 3, 3, 7, 0, 0, 'finished'),
(172, 1, '2024-12-26', 6, 6, 9, 1, 2, 'finished'),
(173, 1, '2024-12-26', 15, 15, 2, 3, 0, 'finished'),
(174, 1, '2024-12-26', 16, 16, 18, 1, 0, 'finished'),
(175, 1, '2024-12-26', 17, 17, 19, 0, 1, 'finished'),
(176, 1, '2024-12-26', 20, 20, 14, 2, 0, 'finished'),
(177, 1, '2024-12-26', 12, 12, 11, 3, 1, 'finished'),
(178, 1, '2024-12-27', 5, 5, 4, 0, 0, 'finished'),
(179, 1, '2024-12-27', 1, 1, 10, 1, 0, 'finished'),
(180, 1, '2024-12-29', 11, 11, 13, 0, 2, 'finished'),
(181, 1, '2024-12-29', 7, 7, 17, 2, 1, 'finished'),
(182, 1, '2024-12-29', 8, 8, 16, 0, 2, 'finished'),
(183, 1, '2024-12-29', 9, 9, 3, 2, 2, 'finished'),
(184, 1, '2024-12-29', 18, 18, 20, 2, 2, 'finished'),
(185, 1, '2024-12-29', 19, 19, 12, 0, 5, 'finished'),
(186, 1, '2024-12-30', 2, 2, 5, 2, 2, 'finished'),
(187, 1, '2024-12-30', 10, 10, 6, 2, 0, 'finished'),
(188, 1, '2024-12-30', 14, 14, 15, 0, 2, 'finished'),
(189, 1, '2025-01-01', 4, 4, 1, 1, 3, 'finished'),
(190, 1, '2025-01-04', 18, 18, 15, 1, 2, 'finished'),
(191, 1, '2025-01-04', 2, 2, 11, 2, 1, 'finished'),
(192, 1, '2025-01-04', 3, 3, 8, 1, 0, 'finished'),
(193, 1, '2025-01-04', 7, 7, 6, 1, 1, 'finished'),
(194, 1, '2025-01-04', 13, 13, 19, 4, 1, 'finished'),
(195, 1, '2025-01-04', 17, 17, 4, 0, 5, 'finished'),
(196, 1, '2025-01-04', 5, 5, 1, 1, 1, 'finished'),
(197, 1, '2025-01-05', 9, 9, 10, 2, 2, 'finished'),
(198, 1, '2025-01-05', 12, 12, 14, 2, 2, 'finished'),
(199, 1, '2025-01-06', 20, 20, 16, 0, 3, 'finished'),
(200, 1, '2025-01-14', 4, 4, 13, 2, 2, 'finished'),
(201, 1, '2025-01-14', 6, 6, 3, 2, 2, 'finished'),
(202, 1, '2025-01-14', 19, 19, 9, 3, 2, 'finished'),
(203, 1, '2025-01-14', 16, 16, 12, 1, 1, 'finished'),
(204, 1, '2025-01-15', 8, 8, 2, 0, 1, 'finished'),
(205, 1, '2025-01-15', 11, 11, 7, 0, 2, 'finished'),
(206, 1, '2025-01-15', 15, 15, 20, 3, 0, 'finished'),
(207, 1, '2025-01-15', 1, 1, 18, 2, 1, 'finished'),
(208, 1, '2025-01-16', 10, 10, 5, 0, 2, 'finished'),
(209, 1, '2025-01-16', 14, 14, 17, 3, 1, 'finished'),
(210, 1, '2025-01-18', 15, 15, 3, 1, 4, 'finished'),
(211, 1, '2025-01-18', 4, 4, 12, 0, 2, 'finished'),
(212, 1, '2025-01-18', 11, 11, 9, 0, 2, 'finished'),
(213, 1, '2025-01-18', 19, 19, 7, 0, 2, 'finished'),
(214, 1, '2025-01-18', 1, 1, 2, 2, 2, 'finished'),
(215, 1, '2025-01-19', 8, 8, 18, 3, 2, 'finished'),
(216, 1, '2025-01-19', 14, 14, 5, 1, 3, 'finished'),
(217, 1, '2025-01-19', 16, 16, 17, 3, 2, 'finished'),
(218, 1, '2025-01-19', 10, 10, 13, 0, 6, 'finished'),
(219, 1, '2025-01-20', 6, 6, 20, 3, 1, 'finished'),
(220, 1, '2025-01-25', 3, 3, 16, 5, 0, 'finished'),
(221, 1, '2025-01-25', 5, 5, 8, 0, 1, 'finished'),
(222, 1, '2025-01-25', 12, 12, 10, 4, 1, 'finished'),
(223, 1, '2025-01-25', 17, 17, 15, 1, 3, 'finished'),
(224, 1, '2025-01-25', 20, 20, 1, 0, 1, 'finished'),
(225, 1, '2025-01-25', 13, 13, 6, 3, 1, 'finished'),
(226, 1, '2025-01-26', 7, 7, 4, 1, 2, 'finished'),
(227, 1, '2025-01-26', 18, 18, 11, 1, 2, 'finished'),
(228, 1, '2025-01-26', 2, 2, 19, 1, 1, 'finished'),
(229, 1, '2025-01-26', 9, 9, 14, 0, 1, 'finished'),
(230, 1, '2025-02-01', 16, 16, 5, 7, 0, 'finished'),
(231, 1, '2025-02-01', 3, 3, 12, 0, 2, 'finished'),
(232, 1, '2025-02-01', 8, 8, 11, 4, 0, 'finished'),
(233, 1, '2025-02-01', 10, 10, 17, 1, 2, 'finished'),
(234, 1, '2025-02-01', 15, 15, 9, 1, 2, 'finished'),
(235, 1, '2025-02-01', 20, 20, 2, 2, 0, 'finished'),
(236, 1, '2025-02-02', 4, 4, 18, 0, 2, 'finished'),
(237, 1, '2025-02-02', 14, 14, 7, 0, 2, 'finished'),
(238, 1, '2025-02-02', 1, 1, 13, 5, 1, 'finished'),
(239, 1, '2025-02-03', 6, 6, 19, 2, 1, 'finished'),
(240, 1, '2025-02-12', 8, 8, 12, 2, 2, 'finished'),
(241, 1, '2025-02-14', 5, 5, 6, 3, 0, 'finished'),
(242, 1, '2025-02-15', 11, 11, 1, 0, 2, 'finished'),
(243, 1, '2025-02-15', 2, 2, 10, 1, 1, 'finished'),
(244, 1, '2025-02-15', 9, 9, 16, 2, 1, 'finished'),
(245, 1, '2025-02-15', 13, 13, 15, 4, 0, 'finished'),
(246, 1, '2025-02-15', 17, 17, 3, 1, 3, 'finished'),
(247, 1, '2025-02-15', 19, 19, 4, 0, 1, 'finished'),
(248, 1, '2025-02-15', 7, 7, 8, 1, 2, 'finished'),
(249, 1, '2025-02-16', 12, 12, 20, 2, 1, 'finished'),
(250, 1, '2025-02-16', 18, 18, 14, 1, 0, 'finished'),
(251, 1, '2025-02-19', 2, 2, 12, 2, 2, 'finished'),
(252, 1, '2025-02-21', 11, 11, 4, 0, 4, 'finished'),
(253, 1, '2025-02-22', 8, 8, 14, 2, 2, 'finished'),
(254, 1, '2025-02-22', 1, 1, 19, 0, 1, 'finished'),
(255, 1, '2025-02-22', 3, 3, 20, 0, 1, 'finished'),
(256, 1, '2025-02-22', 9, 9, 7, 0, 2, 'finished'),
(257, 1, '2025-02-22', 10, 10, 18, 1, 4, 'finished'),
(258, 1, '2025-02-22', 17, 17, 5, 0, 4, 'finished'),
(259, 1, '2025-02-22', 2, 2, 6, 2, 1, 'finished'),
(260, 1, '2025-02-23', 15, 15, 16, 4, 3, 'finished'),
(261, 1, '2025-02-23', 13, 13, 12, 0, 2, 'finished'),
(262, 1, '2025-02-25', 5, 5, 3, 2, 1, 'finished'),
(263, 1, '2025-02-25', 7, 7, 2, 4, 1, 'finished'),
(264, 1, '2025-02-25', 20, 20, 9, 1, 2, 'finished'),
(265, 1, '2025-02-25', 6, 6, 17, 4, 0, 'finished'),
(266, 1, '2025-02-26', 4, 4, 8, 1, 1, 'finished'),
(267, 1, '2025-02-26', 14, 14, 10, 3, 2, 'finished'),
(268, 1, '2025-02-26', 16, 16, 1, 0, 0, 'finished'),
(269, 1, '2025-02-26', 18, 18, 13, 0, 1, 'finished'),
(270, 1, '2025-02-26', 12, 12, 15, 2, 0, 'finished'),
(271, 1, '2025-02-27', 19, 19, 11, 2, 0, 'finished'),
(272, 1, '2025-03-08', 16, 16, 13, 1, 0, 'finished'),
(273, 1, '2025-03-08', 5, 5, 9, 2, 1, 'finished'),
(274, 1, '2025-03-08', 7, 7, 10, 1, 0, 'finished'),
(275, 1, '2025-03-08', 12, 12, 17, 3, 1, 'finished'),
(276, 1, '2025-03-08', 4, 4, 2, 0, 1, 'finished'),
(277, 1, '2025-03-08', 20, 20, 8, 1, 1, 'finished'),
(278, 1, '2025-03-09', 6, 6, 11, 1, 0, 'finished'),
(279, 1, '2025-03-09', 18, 18, 3, 2, 2, 'finished'),
(280, 1, '2025-03-09', 14, 14, 1, 1, 1, 'finished'),
(281, 1, '2025-03-10', 19, 19, 15, 0, 1, 'finished'),
(282, 1, '2025-03-15', 8, 8, 19, 1, 1, 'finished'),
(283, 1, '2025-03-15', 10, 10, 16, 2, 4, 'finished'),
(284, 1, '2025-03-15', 13, 13, 5, 2, 2, 'finished'),
(285, 1, '2025-03-15', 17, 17, 20, 1, 2, 'finished'),
(286, 1, '2025-03-15', 3, 3, 4, 1, 2, 'finished'),
(287, 1, '2025-03-16', 1, 1, 6, 1, 0, 'finished'),
(288, 1, '2025-03-16', 9, 9, 18, 2, 0, 'finished'),
(289, 1, '2025-03-16', 11, 11, 14, 0, 3, 'finished'),
(290, 1, '2025-04-01', 1, 1, 9, 2, 1, 'finished'),
(291, 1, '2025-04-01', 20, 20, 19, 1, 0, 'finished'),
(292, 1, '2025-04-01', 16, 16, 14, 1, 0, 'finished'),
(293, 1, '2025-04-02', 3, 3, 10, 1, 2, 'finished'),
(294, 1, '2025-04-02', 5, 5, 2, 0, 3, 'finished'),
(295, 1, '2025-04-02', 13, 13, 11, 2, 0, 'finished'),
(296, 1, '2025-04-02', 15, 15, 4, 2, 1, 'finished'),
(297, 1, '2025-04-02', 17, 17, 7, 1, 1, 'finished'),
(298, 1, '2025-04-02', 12, 12, 8, 1, 0, 'finished'),
(299, 1, '2025-04-03', 6, 6, 18, 1, 0, 'finished'),
(300, 1, '2025-04-05', 8, 8, 1, 1, 1, 'finished'),
(301, 1, '2025-04-05', 7, 7, 5, 2, 1, 'finished'),
(302, 1, '2025-04-05', 10, 10, 20, 1, 2, 'finished'),
(303, 1, '2025-04-05', 19, 19, 3, 2, 2, 'finished'),
(304, 1, '2025-04-05', 2, 2, 16, 2, 1, 'finished'),
(305, 1, '2025-04-06', 4, 4, 6, 0, 0, 'finished'),
(306, 1, '2025-04-06', 9, 9, 12, 3, 2, 'finished'),
(307, 1, '2025-04-06', 18, 18, 17, 3, 1, 'finished'),
(308, 1, '2025-04-06', 14, 14, 13, 0, 0, 'finished'),
(309, 1, '2025-04-07', 11, 11, 15, 0, 3, 'finished'),
(310, 1, '2025-04-12', 13, 13, 7, 5, 2, 'finished'),
(311, 1, '2025-04-12', 5, 5, 11, 2, 2, 'finished'),
(312, 1, '2025-04-12', 16, 16, 8, 0, 1, 'finished'),
(313, 1, '2025-04-12', 17, 17, 2, 0, 3, 'finished'),
(314, 1, '2025-04-12', 1, 1, 4, 1, 1, 'finished'),
(315, 1, '2025-04-13', 6, 6, 10, 2, 2, 'finished'),
(316, 1, '2025-04-13', 12, 12, 19, 2, 1, 'finished'),
(317, 1, '2025-04-13', 20, 20, 18, 4, 2, 'finished'),
(318, 1, '2025-04-13', 15, 15, 14, 4, 1, 'finished'),
(319, 1, '2025-04-14', 3, 3, 9, 1, 0, 'finished'),
(320, 1, '2025-04-16', 15, 15, 7, 5, 0, 'finished'),
(321, 1, '2025-04-19', 4, 4, 5, 4, 2, 'finished'),
(322, 1, '2025-04-19', 7, 7, 3, 0, 0, 'finished'),
(323, 1, '2025-04-19', 8, 8, 13, 0, 2, 'finished'),
(324, 1, '2025-04-19', 19, 19, 17, 1, 1, 'finished'),
(325, 1, '2025-04-19', 2, 2, 15, 4, 1, 'finished'),
(326, 1, '2025-04-20', 9, 9, 6, 1, 2, 'finished'),
(327, 1, '2025-04-20', 10, 10, 1, 0, 4, 'finished'),
(328, 1, '2025-04-20', 14, 14, 20, 0, 1, 'finished'),
(329, 1, '2025-04-20', 11, 11, 12, 0, 1, 'finished'),
(330, 1, '2025-04-21', 18, 18, 16, 1, 2, 'finished'),
(331, 1, '2025-04-22', 13, 13, 2, 2, 1, 'finished'),
(332, 1, '2025-04-23', 1, 1, 7, 2, 2, 'finished'),
(333, 1, '2025-04-26', 6, 6, 8, 1, 0, 'finished'),
(334, 1, '2025-04-26', 5, 5, 19, 3, 2, 'finished'),
(335, 1, '2025-04-26', 15, 15, 10, 3, 0, 'finished'),
(336, 1, '2025-04-26', 17, 17, 9, 1, 2, 'finished'),
(337, 1, '2025-04-26', 20, 20, 11, 3, 0, 'finished'),
(338, 1, '2025-04-27', 3, 3, 14, 1, 1, 'finished'),
(339, 1, '2025-04-27', 12, 12, 18, 5, 1, 'finished'),
(340, 1, '2025-05-01', 16, 16, 4, 0, 2, 'finished'),
(341, 1, '2025-05-02', 13, 13, 20, 1, 0, 'finished'),
(342, 1, '2025-05-03', 2, 2, 9, 1, 0, 'finished'),
(343, 1, '2025-05-03', 8, 8, 10, 2, 2, 'finished'),
(344, 1, '2025-05-03', 11, 11, 17, 2, 0, 'finished'),
(345, 1, '2025-05-03', 1, 1, 3, 1, 2, 'finished'),
(346, 1, '2025-05-04', 4, 4, 14, 4, 3, 'finished'),
(347, 1, '2025-05-04', 5, 5, 15, 1, 1, 'finished'),
(348, 1, '2025-05-04', 19, 19, 18, 1, 1, 'finished'),
(349, 1, '2025-05-04', 6, 6, 12, 3, 1, 'finished'),
(350, 1, '2025-05-05', 7, 7, 16, 1, 1, 'finished'),
(351, 1, '2025-05-10', 9, 9, 8, 1, 3, 'finished'),
(352, 1, '2025-05-10', 10, 10, 4, 0, 1, 'finished'),
(353, 1, '2025-05-10', 17, 17, 13, 0, 0, 'finished'),
(354, 1, '2025-05-10', 20, 20, 5, 0, 2, 'finished'),
(355, 1, '2025-05-10', 3, 3, 2, 0, 1, 'finished'),
(356, 1, '2025-05-11', 15, 15, 6, 2, 0, 'finished'),
(357, 1, '2025-05-11', 14, 14, 19, 0, 2, 'finished'),
(358, 1, '2025-05-11', 16, 16, 11, 2, 2, 'finished'),
(359, 1, '2025-05-11', 18, 18, 7, 0, 2, 'finished'),
(360, 1, '2025-05-11', 12, 12, 1, 2, 2, 'finished'),
(361, 1, '2025-05-16', 2, 2, 18, 2, 0, 'finished'),
(362, 1, '2025-05-16', 6, 6, 14, 1, 0, 'finished'),
(363, 1, '2025-05-18', 8, 8, 17, 2, 0, 'finished'),
(364, 1, '2025-05-18', 19, 19, 16, 1, 2, 'finished'),
(365, 1, '2025-05-18', 4, 4, 9, 2, 3, 'finished'),
(366, 1, '2025-05-18', 11, 11, 10, 2, 0, 'finished'),
(367, 1, '2025-05-18', 1, 1, 15, 1, 0, 'finished'),
(368, 1, '2025-05-19', 5, 5, 12, 3, 2, 'finished'),
(369, 1, '2025-05-20', 7, 7, 20, 4, 2, 'finished'),
(370, 1, '2025-05-20', 13, 13, 3, 3, 1, 'finished'),
(371, 1, '2025-05-25', 3, 3, 11, 2, 0, 'finished'),
(372, 1, '2025-05-25', 9, 9, 13, 0, 2, 'finished'),
(373, 1, '2025-05-25', 10, 10, 19, 1, 3, 'finished'),
(374, 1, '2025-05-25', 12, 12, 7, 1, 1, 'finished'),
(375, 1, '2025-05-25', 14, 14, 2, 2, 0, 'finished'),
(376, 1, '2025-05-25', 15, 15, 8, 0, 1, 'finished'),
(377, 1, '2025-05-25', 16, 16, 6, 0, 1, 'finished'),
(378, 1, '2025-05-25', 17, 17, 1, 1, 2, 'finished'),
(379, 1, '2025-05-25', 18, 18, 5, 1, 4, 'finished'),
(380, 1, '2025-05-25', 20, 20, 4, 1, 1, 'finished');

-- Statut final des équipes pour la saison 2024/2025
-- Ici, le statut européen correspond à l'affectation finale pour les compétitions UEFA 2025/2026.
INSERT INTO team_season_status (team_id, season_id, qualified_champions_league, qualified_europa_league, qualified_conference_league, relegated)
VALUES
(1, 1, 1, 0, 0, 0),
(2, 1, 0, 1, 0, 0),
(3, 1, 0, 0, 0, 0),
(4, 1, 0, 0, 0, 0),
(5, 1, 0, 0, 0, 0),
(6, 1, 1, 0, 0, 0),
(7, 1, 0, 0, 1, 0),
(8, 1, 0, 0, 0, 0),
(9, 1, 0, 0, 0, 0),
(10, 1, 0, 0, 0, 1),
(11, 1, 0, 0, 0, 1),
(12, 1, 1, 0, 0, 0),
(13, 1, 1, 0, 0, 0),
(14, 1, 0, 0, 0, 0),
(15, 1, 1, 0, 0, 0),
(16, 1, 0, 1, 0, 0),
(17, 1, 0, 0, 0, 1),
(18, 1, 1, 0, 0, 0),
(19, 1, 0, 0, 0, 0),
(20, 1, 0, 0, 0, 0);

COMMIT;
